id,title,description,created_at,updated_at,price,stripe_price_id,sales_count,list_tour_id,status,quantity
1,Tour et assumenda inventore,Delicate antiquus comedo. Denego demulceo demens. Cenaculum corona sortitus. Careo catena conculco. Sortitus succurro sui. A appositus timidus. Somniculosus exercitationem animi. Cervus damno absum. Ager pecto consuasor. Blanditiis balbus triginta.,2023-05-04 10:47:47,2023-12-31 14:28:08,473,,2,2,hot,86
2,Tour ad qui accusamus,Audax demergo acervus. Nihil annus tollo. Vel communis eligendi. Comedo adipiscor debeo. Caries vergo capio. Alienus terminatio canis. Qui vivo stultus. Video voluptates tenus. Compono cras voluptatum. Nobis conitor cattus.,2022-03-20 18:33:17,2023-12-31 14:28:09,376,,1,2,popular,99
3,Tour fugit est harum,Cohaero surgo auctus. Admitto quisquam carus. Crudelis apto convoco. Tamdiu aedificium bardus. Quasi torrens cupressus. Alias maiores consequatur. Compello tabgo tactus. Adicio iure aqua. Unde verbum audacia. Cubo sursum advoco.,2022-01-15 19:49:19,2023-12-31 14:28:11,470,,2,3,trend,90
4,Tour inventore ipsum qui,Colligo autem theca. Caelestis armo tum. Voluptatem quia decimus. Soleo atqui apostolus. Defetiscor derelinquo caries. Maiores abundans sodalitas. Peior voluptatem cuppedia. Repudiandae dolorem canto. In tripudio vos. Surculus vulgivagus deludo.,2023-11-05 17:04:30,2023-12-31 14:28:13,94,,1,2,popular,100
5,Tour rerum aut tempora,Absconditus textus rem. Vitae cunabula abduco. Quis tergo vestigium. Vix vereor volva. Somniculosus urbs est. Enim canis temporibus. Doloremque appono sulum. Maxime aeger averto. Adflicto qui admoneo. Decipio tubineus volaticus.,2023-08-23 14:43:55,2023-12-31 14:28:14,467,,1,5,popular,67
6,Tour optio consequatur recusandae,Cunctatio beneficium ut. Amita subito arx. Caput suscipit solvo. Eveniet vitium curvo. Supra adsidue neque. Turpe est strenuus. Spes collum demens. Attonbitus autem ante. Deputo uxor tres. Iusto id amitto.,2022-05-10 6:20:17,2023-12-31 14:28:16,94,,5,2,hot,90
7,Tour placeat odit nihil,Ager utrum exercitationem. Ambitus torqueo asperiores. Velociter anser est. Et repellendus mollitia. Blandior creber praesentium. Fugit taedium antepono. Amplus tantum fuga. Cauda coaegresco valens. Tutis dolor comptus. Approbo caput vox.,2022-06-08 17:39:29,2023-12-31 14:28:17,400,,5,4,popular,75
8,Tour ab culpa vel,Adaugeo textilis auris. Aegrotatio carcer commodo. Aut subito colo. Maxime substantia decumbo. Perferendis corporis amplexus. Caecus villa adfectus. Et adicio auxilium. Bonus crapula censura. Sit depereo comprehendo. Tremo nihil hic.,2023-08-19 8:14:58,2023-12-31 14:28:19,821,,1,4,trend,60
9,Tour molestiae quia qui,Despirmatio cognomen curatio. Quia thermae subito. Quisquam vero tabella. Eos inventore colo. Depromo rerum tergum. Territo voro talio. Cogo solitudo utpote. Terror magnam custodia. Cena patrocinor adipiscor. Succedo et animadverto.,2023-01-24 10:34:20,2023-12-31 14:28:21,282,,2,4,hot,96
10,Tour ut placeat facilis,Beneficium attero est. Clementia curo et. Cresco curis autem. Est maiores sui. Deleo ea voveo. Aranea tamdiu defleo. Accipio incidunt sed. Culpa creo rem. Cilicium currus eos. Contego quisquam odit.,2022-09-02 10:52:39,2023-12-31 14:28:22,188,,1,2,hot,90
11,Tour maxime voluptatum qui,Aduro caelum copiose. Culpa contra calco. Ascisco spargo quo. Vinculum assentator canto. Conduco ultra ancilla. Statua una patior. Thorax bis depopulo. Vesica capillus turpe. Arbustum aut campana. Vero turpis censura.,2023-08-28 11:28:17,2023-12-31 14:29:34,329,,2,5,popular,92
12,Tour omnis aut placeat,Addo basium vociferor. Reiciendis argumentum id. Canis accipio veniam. Deficio veritatis clibanus. Umquam qui curo. Omnis aranea sopor. Minima denique ullus. Cursus comprehendo despecto. Creber et averto. Occaecati barba acquiro.,2022-09-18 14:36:36,2023-12-31 14:29:35,292,,1,5,hot,81
13,Tour quisquam necessitatibus sequi,Qui caritas fugit. Vero textus bis. Deporto nam ipsam. Vero crapula repudiandae. Textilis apud ante. Comedo censura angelus. Advenio alii turpis. Acervus umquam caterva. Illo undique dolores. Cursus adhaero dolore.,2023-01-10 11:53:09,2023-12-31 14:29:37,235,,1,4,trend,77
14,Tour provident et qui,Doloribus vester ascit. Conscendo cohibeo itaque. Succedo repellendus auctus. Cogito contego sursum. Suppellex cito viscus. Velum comptus maxime. Subvenio damnatio convoco. Provident adfero cito. Sol explicabo beneficium. Comitatus curis verecundia.,2023-12-07 23:37:07,2023-12-31 14:29:39,282,,1,4,hot,98
15,Tour nemo neque dolor,Cilicium thema atqui. Condico ea aranea. Valde confugo ambulo. Cibo campana acsi. Adfero vespillo despirmatio. Tres defendo benigne. Virga tredecim quia. Quia maiores correptius. Molestias canis casso. Tersus perspiciatis aetas.,2023-08-02 13:48:01,2023-12-31 14:29:39,779,,9,3,hot,65
16,Tour modi odit alias,Ulterius vesco suppellex. Tabgo vita cetera. Qui tenuis sufficio. Vesco temptatio magnam. Tutamen tam adulatio. Acidus nam tertius. Dignissimos avaritia aegrus. Verus addo volutabrum. Auctus expedita speculum. Nisi creber triumphus.,2022-06-24 3:50:54,2023-12-31 14:29:40,376,,2,1,trend,53
17,Tour eaque ea quasi,Catena aeger corrigo. Sunt dedico colligo. Ara nemo dolorum. Et strues villa. Umbra voluptas talis. Optio culpo vinitor. Colloco vinco uter. Demonstro adamo amaritudo. Tersus adaugeo acies. Auxilium accommodo vel.,2023-11-27 10:33:26,2023-12-31 14:29:42,235,,1,3,hot,64
18,Tour asperiores esse dolore,Assentator vulgus et. Saepe ratione voro. Allatus tamquam torrens. Ad numquam quis. Ex aut repellat. Molestiae aduro tunc. Tenax quo ceno. Tendo quaerat consectetur. Deprimo tergiversatio condico. Subito armarium ubi.,2022-02-03 6:20:17,2023-12-31 14:29:43,282,,3,3,trend,98
19,Tour molestias doloremque exercitationem,Deporto triginta cursus. Calco coerceo deficio. Magnam defleo corrumpo. Baiulus terreo delinquo. Defleo reprehenderit in. Capto termes celo. Conduco compono cattus. Repellendus urbs abduco. Magnam cohors thema. Advenio collum non.,2023-07-14 12:13:17,2023-12-31 14:29:43,111,,1,4,hot,57
20,Tour alias ut animi,Temeritas valens cavus. Id ultra audeo. Vaco aut absens. Cultura defigo tollo. Ultra stella vobis. Adhuc corrigo cattus. Accusantium acies aro. Arto acceptus curtus. In tergeo sapiente. Valeo thalassinus virga.,2022-12-10 0:21:12,2023-12-31 14:29:45,376,,1,2,hot,59
21,Tour modi deserunt voluptatem,Desolo coruscus rem. Centum benevolentia aegrus. Annus corroboro et. Acidus exercitationem atrox. Tunc approbo somniculosus. Defero cresco calcar. Comes optio trans. Et undique cornu. Exercitationem calamitas supellex. Tempora atqui ocer.,2023-08-15 7:19:54,2023-12-31 14:29:46,423,,2,2,hot,97
22,Tour et sunt culpa,Tempore sperno conculco. Similique ver in. Vinum defessus auxilium. Carpo sunt aggredior. Pecco debilito pectus. Ubi administratio mollitia. Quia abbas vilis. Alii accusantium comprehendo. Omnis votum dolorum. Debitis demens beatus.,2022-03-15 20:43:43,2023-12-31 14:30:55,168,,3,5,popular,64
23,Tour delectus omnis fuga,Aufero verbera cursim. Contego deinde talio. Adinventitias confido temeritas. Creta curto arx. Temperantia aut autem. Adhuc tabesco illum. Aeternus cura strues. Careo curiositas acceptus. Stella uredo vesica. Ventito sollicito optio.,2022-05-29 14:00:34,2023-12-31 14:30:56,280,,2,5,popular,52
24,Tour nemo nobis quasi,Vesper ad corrupti. Minus aperio mollitia. Ipsam spero apostolus. Clamo acidus civis. Creptio aspernatur et. Sponte abstergo avaritia. Suppono tametsi inflammatio. Caterva praesentium terebro. Adicio decipio curvo. Vitium pecunia textilis.,2023-11-28 6:15:00,2023-12-31 14:30:59,56,,1,1,popular,64
25,Tour et illo ut,Cohors aureus verbera. Sollicito advenio decumbo. Pauci acervus crux. Contabesco amor candidus. Tepidus arbitro vehemens. Summa amet voluptatem. Spes cohibeo benigne. Summisse aut victoria. Solio altus conduco. Venia charisma amo.,2023-07-15 12:45:26,2023-12-31 14:31:00,280,,1,2,popular,68
26,Tour consectetur rerum neque,Depopulo suasoria bibo. Ascisco debitis et. Alius depraedor vinco. Venustas bos abbas. Voluptas perspiciatis curto. Caveo ciminatio cum. Antiquus adhuc vel. Rerum sufficio vita. Curto tepidus clementia. Statim turba arceo.,2023-12-18 5:28:26,2023-12-31 14:31:01,560,,1,3,hot,51
27,Tour a nostrum perspiciatis,Anser velut uxor. Conspergo admoneo avoco. Comis eos labore. Angulus arbustum theca. Curia deleo claustrum. Vel clementia depereo. Cauda quo temporibus. Absens coniuratio amplitudo. Cupressus consectetur consequatur. Desino vapulus animus.,2022-07-20 5:04:16,2023-12-31 14:31:03,511,,1,5,popular,84
28,Tour suscipit vel iure,Decerno corroboro repudiandae. Vallum blanditiis concedo. Patria hic sunt. A animi audentia. Vapulus usus tego. Culpa conturbo vivo. Cura defessus vitiosus. Temptatio bene toties. Trucido quidem dolorum. Victoria velut at.,2022-06-27 22:59:37,2023-12-31 14:31:04,224,,3,4,popular,98
29,Tour rem voluptatem et,Tantum amet cena. Suasoria amissio cohaero. Victus auris vis. Tabernus coaegresco accusamus. Patruus votum trucido. Coruscus clarus cur. Trado vulgivagus appositus. Verbera quod vulgus. Celer error tremo. Nesciunt fuga ullam.,2023-03-30 19:15:06,2023-12-31 14:31:04,280,,3,5,popular,88
30,Tour est possimus ea,Degenero turba ultio. Nostrum qui concedo. Vinco toties excepturi. Suscipio utilis cedo. Vilis aufero absorbeo. Arguo adstringo tempus. Debitis turbo defluo. Video tamisium accommodo. Apud taceo vitium. Voluptas abutor vulnus.,2023-02-16 19:06:21,2023-12-31 14:31:06,555,,2,5,hot,99
31,Tour et reiciendis laborum,Adflicto sublime conturbo. Utor aetas et. Termes depereo qui. Nihil aspernatur recusandae. Cunae contigo atqui. Curiositas et abundans. Varius ustulo constans. Comptus cogito suasoria. Addo uberrime arcus. Addo assumenda colloco.,2022-05-18 22:59:34,2023-12-31 14:31:07,777,,1,3,popular,83
32,Tour suscipit libero voluptas,Arceo crapula vigor. Voveo uterque bis. Ventosus enim claudeo. Animus vero cerno. Caput voluptatem virtus. Tertius correptius audax. Vulariter defaeco video. Dedecor turbo officia. Sub aveho deprimo. Animi adultus summa.,2023-12-27 7:20:49,2023-12-31 14:31:08,392,,2,5,popular,74
33,Tour officia quaerat aut,Temeritas colloco hic. Amicitia vulariter spes. Vulnus decor accipio. Tempus substantia pecto. Corrupti optio cornu. Super consequuntur vicissitudo. Repudiandae arto modi. Communis unde patruus. Tredecim crustulum abstergo. Debilito cogo alius.,2022-11-09 21:03:01,2023-12-31 14:31:53,112,,2,3,hot,97
34,Tour quos nesciunt est,Vacuus bardus voluntarius. Stabilis curvo cinis. Sortitus turpe cetera. Toties a impedit. Certo dolor bardus. Architecto adulatio spectaculum. Venio thymbra defetiscor. Ancilla tamdiu tactus. Pecunia id saepe. Spoliatio spiritus reprehenderit.,2022-07-13 13:14:52,2023-12-31 14:31:54,1105,,1,3,popular,62
35,Tour ex odit aspernatur,Averto omnis degero. Deporto summa delinquo. Depraedor tamquam cubicularis. Vomica cursim carmen. Adfectus concedo tenuis. Benigne coniuratio inventore. Voluptatibus bonus absens. Sustineo illo argentum. Vero natus aiunt. Aut atqui culpa.,2022-10-29 16:23:17,2023-12-31 14:31:55,224,,1,3,popular,76
36,Tour explicabo autem dolor,Conforto triginta certe. Subnecto stillicidium cogo. Vulnero comprehendo clamo. Cimentarius uter decimus. Dolor amiculum articulus. Hic urbs brevis. Venio amplexus sed. Solium tendo caries. Qui concedo nostrum. Dignissimos terminatio viduata.,2023-08-06 20:06:28,2023-12-31 14:31:56,112,,3,1,popular,65
37,Tour fugiat accusamus dolorum,Tremo totus voco. Theologus ullam sublime. Spes ars cibo. Atavus denuo antepono. Crux rerum ante. Conservo allatus veniam. At debilito solus. Clam caritas a. Angustus animus patria. Solutio ventus appono.,2023-12-02 2:56:38,2023-12-31 14:31:58,560,,1,4,hot,87
38,Tour sint in itaque,Brevis cubicularis bos. Aut assentator error. Cimentarius vere est. Somnus tibi similique. Cupressus condico charisma. Summisse dolor audentia. Peccatus tyrannus amaritudo. Armarium theologus veritas. Apostolus carpo desino. Desidero aut adaugeo.,2023-01-18 4:49:59,2023-12-31 14:31:59,56,,4,4,popular,85
39,Tour amet rem assumenda,Velum adicio et. Stella antea subnecto. Mollitia infit capitulus. Truculenter crastinus vinum. Modi uredo cimentarius. Laudantium atrocitas textilis. Vulgo timidus desparatus. Cubo copia statua. Sonitus demitto thalassinus. Venio uberrime assumenda.,2022-01-21 12:02:12,2023-12-31 14:32:00,198,,1,4,popular,94
40,Tour quia fuga expedita,Vulariter aureus varius. Civis thalassinus adhaero. Paulatim bibo amet. Armo ademptio arcus. Repellat annus voluptas. Sunt traho voluptatem. Autem celo audax. Enim earum thesaurus. Decipio vilitas comis. Arcus iste deprecator.,2022-04-08 16:00:37,2023-12-31 14:32:02,112,,1,2,popular,98
41,Tour praesentium et quia,Acies excepturi nesciunt. Tenuis caries argentum. Tripudio asperiores arma. Cimentarius maiores et. Ascit soluta dolores. Vulpes vicinus adflicto. Coma depopulo claudeo. Dapifer collum tabella. Pectus et abstergo. Vigilo custodia denuo.,2022-09-27 1:26:08,2023-12-31 14:32:03,888,,2,3,hot,100
42,Tour necessitatibus quod est,Ater sunt tergum. Delibero sint valeo. Cultura virga cicuta. Uredo circumvenio cupressus. Tempus paens veniam. Dicta vero adaugeo. Dolores occaecati conscendo. Triumphus apto demonstro. Defungo atque defleo. Articulus confero temperantia.,2022-09-13 16:51:57,2023-12-31 14:32:04,666,,1,1,popular,61
43,Tour doloremque aut iusto,Arto alter eveniet. Conforto centum acer. Corrupti est curvo. Appono timidus tolero. Ut damnatio delectus. Tibi perferendis distinctio. Adultus bibo vis. Tergo ocer coadunatio. Suppellex aut tibi. Advenio autem cunctatio.,2023-01-04 5:39:44,2023-12-31 14:32:05,877,,4,3,popular,55
44,Tour et eum perspiciatis,Sit derideo cunctatio. Tabernus suasoria amissio. Utrum conscendo illum. Exercitationem tergum cursus. Talio crustulum temporibus. Eligendi teres bene. Aut congregatio denique. Sed omnis concido. Clibanus voveo veniam. Volva vicinus synagoga.,2023-03-09 8:46:51,2023-12-31 14:32:56,333,,5,5,trend,78
45,Tour excepturi esse eaque,Undique suasoria admitto. Pel cetera via. Convoco cimentarius caveo. Turpe solium audentia. Velociter ventus quo. Balbus colloco universe. Tametsi claudeo iure. Conforto sequi coaegresco. Adulatio cura basium. Est armarium attollo.,2022-07-11 8:39:24,2023-12-31 14:32:58,224,,9,5,hot,74
46,Tour et qui qui,Non quia cotidie. Curiositas non adficio. Curvus armarium voluptas. Cognomen expedita qui. Acies copia ea. Cunabula concido vel. Defigo spoliatio velut. Statua crux quae. Vereor cogito amoveo. Est verus curso.,2023-12-25 0:59:53,2023-12-31 14:32:59,392,,1,2,trend,83
47,Tour debitis molestias expedita,Turpis bardus quasi. Animi calculus communis. Calco agnosco colloco. Solium pax caelestis. Et tertius ver. Spoliatio tibi supplanto. Utpote adhaero facere. Coma autem cursus. Absum amor stultus. Caveo desipio adipiscor.,2022-07-21 12:07:41,2023-12-31 14:33:01,433,,1,4,popular,89
48,Tour sit debitis consequuntur,Inflammatio totidem quod. Aurum subvenio et. Thorax coniuratio et. Aestivus clam minus. Catena soleo suppellex. Deinde nesciunt calculus. Vulnero suscipit venia. Dignissimos vereor nulla. Angelus statua verus. Celebrer vestigium officiis.,2022-09-13 6:40:26,2023-12-31 14:33:02,224,,7,1,popular,50
49,Tour minima reiciendis voluptas,Dolore vero excepturi. Vulgus solutio texo. Victus tepesco amitto. Attero non tracto. Quisquam bis urbs. Consequatur compono sollicito. Cilicium synagoga cultura. Amicitia suspendo provident. Undique avaritia patria. Quaerat coniuratio solium.,2022-07-09 23:30:26,2023-12-31 14:33:03,168,,1,3,popular,51
50,Tour quidem voluptatem tenetur,Tenetur voro sortitus. Trans occaecati quos. Vicinus sui adduco. Combibo suspendo cibus. Vomer consequatur umquam. Demens comburo stillicidium. Utique summa caelestis. Conatus sui veniam. Minus verbum vaco. Casus allatus neque.,2023-02-23 16:53:06,2023-12-31 14:33:05,662,,4,4,popular,50
51,Tour perferendis nihil optio,Sollers canonicus aspernatur. Itaque abundans in. Amor ciminatio adficio. Crastinus corrupti conspergo. Compono amoveo omnis. Bestia et facilis. Culpo adsuesco toties. Tego tui tamquam. Subseco consectetur censura. Curso amplexus quos.,2023-12-16 13:49:34,2023-12-31 14:33:06,392,,1,4,popular,85
52,Tour quisquam consequatur ea,Sublime pecto ipsum. Ulterius versus alius. Quis aut desipio. Eum iste canonicus. Stabilis eius arbustum. Votum ut quia. Comptus depereo repellendus. Verbum tabesco doloribus. Arx virtus vergo. Tolero tergum verbum.,2022-03-27 15:46:39,2023-12-31 14:33:07,220,,1,3,trend,69
53,Tour iure est incidunt,Tergum spargo est. Fugit commemoro vere. Arcesso caries victoria. Tepesco cursus clam. Sub ager curto. Amplitudo ipsa ulterius. Amplus vita blandior. Vinitor deputo theologus. Et minus alienus. Vulgus unde celo.,2022-10-04 15:53:45,2023-12-31 14:33:09,280,,1,3,popular,98
54,Tour quas deserunt commodi,Aut eum sint. Censura bellicus recusandae. Surgo arcesso bene. Corona perspiciatis annus. Attollo saepe terreo. Beatus decerno vis. Culpa suffragium timidus. Strues velit terga. Adaugeo apparatus officiis. Tabella decretum clamo.,2022-06-28 10:54:44,2023-12-31 14:33:11,280,,2,4,popular,55
55,Tour et deleniti ullam,Adflicto cresco cogo. Vomito cauda ars. Tamdiu defaeco adfero. Volup torrens laboriosam. Cunabula accusamus non. Debilito patior surgo. Voluptate ad adipiscor. Sto omnis curis. Tunc tertius tremo. Defigo cauda beneficium.,2023-04-18 14:09:27,2023-12-31 14:33:53,224,,1,5,trend,67
56,Tour autem vitae ab,Vigilo accusantium velut. Autus vergo ad. Ter armarium audeo. Benevolentia basium amoveo. Titulus tollo absum. Combibo tactus exercitationem. Tabgo curtus conduco. Tamen terra magni. Adiuvo desolo pecco. Alveus testimonium causa.,2023-10-02 13:01:54,2023-12-31 14:33:54,448,,3,4,popular,99
57,Tour animi magnam unde,Illo assumenda censura. Calcar cado certe. Pel vilicus unde. Virtus sed valens. Cimentarius sit tepesco. Aestivus sopor conatus. Cui carbo vapulus. Amicitia armarium confero. Ventosus amet deripio. Vulariter tollo cum.,2022-03-30 5:26:39,2023-12-31 14:33:55,411,,1,2,popular,60
58,Tour adipisci et aut,Terra victus calco. Ut crebro reprehenderit. Infit bonus subseco. Canonicus quam cruentus. Argumentum officiis ipsum. Sint bellum vinco. Comparo quibusdam adflicto. Capillus laboriosam autem. Traho derideo tego. Succedo pauper ut.,2023-10-07 15:27:58,2023-12-31 14:33:56,422,,2,2,hot,82
59,Tour voluptas mollitia neque,Audacia amor clarus. Atrox coruscus admitto. Stips vulticulus aspicio. Comedo aeneus laudantium. Depereo sit aut. Adflicto aut aufero. Cometes nostrum traho. Defluo taceo nemo. Tolero ulciscor cum. Aurum argumentum cilicium.,2023-09-02 22:02:45,2023-12-31 14:33:57,560,,3,5,popular,59
60,Tour perspiciatis natus dolorem,Voluptatem officia strues. Pectus eos umerus. Dicta adulescens altus. Dolorum et demonstro. Patria adiuvo degusto. Comminor corpus totus. Carcer adicio victus. Casso suscipio sed. Quaerat victus usque. Sperno textus est.,2023-09-22 5:43:09,2023-12-31 14:33:59,224,,8,5,popular,80
61,Tour ut sint harum,Approbo considero absque. Sursum spero caput. Sunt provident confugo. Depulso decumbo dolorum. Creator quis deduco. Temperantia tolero amplexus. Infit nesciunt quae. Dolorem consequatur voluptatem. Volo uterque vito. Colligo deleniti amiculum.,2023-12-13 1:22:22,2023-12-31 14:34:00,504,,1,4,popular,82
62,Tour blanditiis est non,Approbo alii comedo. Nemo numquam usque. Ars et usque. Undique non correptius. Voluptatem tutis officia. Soluta defungo nobis. Clementia comparo collum. Appello a repellat. Vox alveus absorbeo. Voluptatem strues aspernatur.,2022-10-27 4:42:01,2023-12-31 14:34:01,112,,2,5,popular,76
63,Tour eligendi ut dolorem,Cruentus uxor comminor. Et facere conatus. Adfero despecto ancilla. Debeo suadeo voveo. Thymum torrens demulceo. Velociter cornu saepe. Communis strues cognomen. Alter vulariter aufero. Patria suadeo arcesso. Acies caelum aeternus.,2023-09-23 14:52:32,2023-12-31 14:34:02,224,,4,1,hot,88
64,Tour repellat omnis atque,Tubineus demonstro rerum. Dolorem aureus caelum. Civis vomito vinum. Vilicus vivo odit. Sono ad tenuis. Comburo anser velociter. Tenetur spoliatio hic. Deporto ultra communis. Amplexus infit magni. Temperantia alioqui beneficium.,2022-07-27 10:36:29,2023-12-31 14:34:03,392,,2,4,popular,80
65,Tour dolores ea ut,Tergeo suppono rerum. Cognatus communis aut. Coaegresco subiungo custodia. Crebro coma absorbeo. Allatus adficio admoneo. Carcer patrocinor traho. Pecunia alter color. Infit quos claro. Illum pecunia harum. Inventore vester credo.,2022-09-03 13:16:42,2023-12-31 14:34:04,504,,7,4,popular,100
66,Tour architecto esse voluptatem,Cultura clam virgo. Vomica cum ipsam. Collum delibero crebro. Amplitudo averto utrum. Et desidero deprimo. Adeptio eligendi cernuus. Vis absque quidem. Theca accommodo iusto. Barba arceo cito. Est cunctatio commemoro.,2023-01-08 9:44:27,2023-12-31 14:34:59,168,,1,5,trend,63
67,Tour alias earum fuga,Vinco aestas benigne. Est deprimo titulus. Dolorem sordeo cunabula. Victoria inflammatio complectus. Cohaero conforto auctor. Conicio averto ventus. Vacuus amplus sit. Caecus qui aduro. Tergo dolor trucido. Complectus claudeo bibo.,2023-12-03 8:58:57,2023-12-31 14:35:01,991,,2,3,hot,65
68,Tour expedita sunt deserunt,Quis cupio vulpes. Considero cognomen advenio. Auxilium circumvenio damnatio. Ultio exercitationem adfero. Adiuvo conitor caelestis. Sophismata solus mollitia. Advoco eos auctor. Attollo amplus tutamen. Paens creptio censura. Qui usque sortitus.,2023-10-17 15:21:53,2023-12-31 14:35:02,440,,1,1,popular,87
69,Tour quam laborum libero,Cum vomito trepide. Calco tergum crepusculum. Odit arceo viriliter. Vigor cunabula non. Ter ancilla sulum. Vulgus temeritas correptius. Vulnero timor adfero. Cura thermae attollo. Sumo quos unde. Decumbo sint bis.,2023-06-16 12:27:57,2023-12-31 14:35:04,280,,2,5,popular,81
70,Tour expedita laborum ipsam,Cognatus spiculum volva. Desipio balbus voveo. Deduco una claustrum. Tubineus vomer commemoro. Voluptatem vinco unde. Subito victus trucido. Curso defetiscor acsi. Beneficium cilicium cognomen. Admiratio defendo cruentus. Victus delego bis.,2022-08-11 15:59:52,2023-12-31 14:35:05,112,,1,3,popular,91
71,Tour neque tempore ad,Strenuus surgo tempore. Sed spes quas. Thorax ratione repudiandae. Rem consectetur colloco. Absconditus coruscus trepide. Talio claustrum subito. Suspendo rerum cunabula. Utrum sono consequatur. Defungo demergo cornu. Tristis depulso alter.,2023-02-24 5:21:29,2023-12-31 14:35:05,56,,2,2,trend,77
72,Tour et libero esse,Stips sponte texo. Cum universe volup. Sit stultus aeternus. Basium usque angelus. Antepono verecundia ter. Aiunt contigo uxor. Dolorem quaerat turba. Adsidue blandior summopere. Crustulum pax vapulus. Sortitus dolor accommodo.,2023-10-29 22:32:41,2023-12-31 14:35:06,560,,3,3,popular,85
73,Tour inventore voluptatum odit,Nemo crapula tibi. Et bibo coerceo. Aduro summa crebro. Demens adhuc expedita. Cibus deprimo cotidie. Vito teres ustilo. Caste cohors vinum. Rem asperiores curto. Delinquo dolor sumo. Tyrannus usque pauci.,2022-07-02 7:41:47,2023-12-31 14:35:07,112,,1,2,popular,67
74,Tour deserunt earum corrupti,Consequatur animi vinculum. Crux spargo autem. Saepe patrocinor appello. Tabernus ara rerum. Atque acerbitas mollitia. Cunabula talis triginta. Turbo certus spoliatio. Vivo suggero brevis. Caput arca damnatio. Bibo villa cubo.,2023-06-30 0:42:31,2023-12-31 14:35:08,224,,3,4,trend,97
75,Tour est culpa voluptatum,Vulariter aspernatur angelus. Civis stella corrumpo. Vero ullam arca. Crur capto adhaero. Conduco alienus supellex. Peior caelum tamquam. Crustulum fugit vita. Talio tolero catena. Vacuus caute deduco. Vulariter ascisco corporis.,2023-07-31 5:07:31,2023-12-31 14:35:10,56,,2,2,popular,80
76,Tour cumque recusandae et,Viduo thorax degenero. Sunt cattus vomito. Arto sed appositus. Utpote patior vel. Confero territo tenax. Civis arguo vulariter. Magnam suppellex tondeo. Apparatus molestias argentum. Tripudio tremo odit. Statua contabesco aduro.,2022-09-27 9:42:14,2023-12-31 14:35:10,112,,3,5,trend,62
77,Tour perspiciatis voluptatum qui,Aufero calcar acidus. Sodalitas ager supellex. Talis deserunt sponte. Tunc qui aggero. Adinventitias odio textilis. Corrupti ipsam alienus. Crinis fuga universe. Tenuis tamquam decimus. Facilis ut cursim. Cattus callide totidem.,2023-12-24 2:36:19,2023-12-31 14:35:54,882,,1,5,popular,90
78,Tour autem fugit consequatur,Sint thymum tricesimus. Quisquam pel tunc. Ambitus aranea dens. Arceo consequuntur cariosus. Explicabo dolores distinctio. Aperiam ut est. Denique cilicium uxor. Vesica audio theologus. Uter admitto vicissitudo. Reprehenderit contego concedo.,2023-12-12 16:18:34,2023-12-31 14:35:55,560,,3,2,hot,97
79,Tour est voluptates sunt,Adsidue turpe vigilo. Et acsi statim. Creber spoliatio apparatus. Celebrer angelus contra. Auditor cavus speculum. Harum vir atrocitas. Amplexus tibi ut. Tolero et statim. Sustineo terminatio stultus. Non tepidus ut.,2023-03-26 16:55:28,2023-12-31 14:35:56,280,,5,4,popular,69
80,Tour aspernatur voluptatem vero,Ars cunae defessus. Decipio creptio stultus. Verumtamen sophismata aut. Utrum clamo culpa. Balbus substantia desino. Apto armarium suggero. Urbs sit possimus. Paens crapula capio. Demo traho sint. Varietas aveho hic.,2023-06-19 8:43:26,2023-12-31 14:35:58,112,,1,2,popular,69
81,Tour esse quas suscipit,Vado necessitatibus uberrime. Ad exercitationem suppellex. Suspendo absum asper. Vere minus tandem. Arguo contabesco pel. Vilicus blanditiis taedium. Denuo voluptatem volup. Audax repellat summopere. Certus alii vester. Accipio veritatis vinco.,2022-06-24 18:45:22,2023-12-31 14:35:59,280,,1,5,hot,90
82,Tour soluta atque qui,Pauci thesaurus aiunt. Sopor canto vis. Denique molestias videlicet. Decor ulterius aestus. Consequatur talus corporis. Solio veritas bonus. Curia crastinus atavus. Cohibeo corroboro sursum. Pecto triumphus arma. Versus inflammatio cum.,2023-07-29 17:41:23,2023-12-31 14:36:01,112,,3,2,popular,74
83,Tour quos vitae qui,Quia cunctatio spargo. Adversus suggero aperiam. Vulticulus sapiente amor. Vulgaris subiungo vel. Quaerat consequatur stillicidium. Caveo villa sit. Aliqua ascisco admiratio. Thorax ultio supplanto. Valetudo supplanto sopor. Vulgaris terga dolor.,2022-12-15 11:28:49,2023-12-31 14:36:03,56,,4,3,popular,100
84,Tour molestias quam et,Conventus tepidus defendo. Defleo sed ver. Cometes atqui appello. Eius acidus voluptate. Cogo carus voluptas. Curatio vel urbanus. Acsi coaegresco conor. Thema tenax congregatio. Sed cupiditas sponte. Speculum articulus comparo.,2023-08-15 17:30:19,2023-12-31 14:36:04,401,,1,3,popular,71
85,Tour quo praesentium itaque,Careo confugo magnam. Deporto stips vociferor. Accusamus decipio catena. Summopere consuasor pecunia. Asper dicta deleo. Adulescens casso argumentum. Vado succedo cubo. Aut eligendi creptio. Xiphias turpis considero. Autem tepidus atavus.,2023-12-29 19:09:16,2023-12-31 14:36:06,56,,1,4,popular,93
86,Tour provident et amet,Bis vociferor totidem. Angulus depulso patruus. Verbum voluptatem appello. Triumphus aedificium delicate. Aqua pax via. Cunctatio calcar turpe. Autem capitulus animadverto. Adsum vultuosus conspergo. Aro voluptatem cohaero. Defero cunae ducimus.,2023-10-24 17:20:39,2023-12-31 14:36:06,560,,3,1,popular,94
87,Tour corporis aut adipisci,Commodo audentia comedo. Auris comedo stillicidium. Dolorem aer aperio. Complectus arbor amoveo. Adsum accendo comprehendo. Cetera tero spoliatio. Curis animi cubitum. Repellat delego certe. Eum vulgo ustulo. Angulus ullam et.,2023-11-27 13:10:14,2023-12-31 14:38:47,56,,1,5,popular,56
88,Tour odit non laudantium,Ambulo sunt quo. Tam deduco ager. Cur torqueo confero. Odio libero derelinquo. Deorsum labore varietas. Alioqui deleo surculus. Unde talis voluptas. Quia sequi defetiscor. Hic audax omnis. Defungo viscus curiositas.,2022-12-15 16:53:21,2023-12-31 14:38:49,168,,3,4,popular,56
89,Tour unde eos distinctio,Confido fuga ab. Caste colo accusamus. Solutio cum auditor. Adaugeo vulnus subiungo. Magnam ventus turba. Vester solus perferendis. Delectatio armo deinde. Caritas conturbo demitto. Agnitio dignissimos ad. Tyrannus vultuosus sodalitas.,2022-05-09 4:18:56,2023-12-31 14:38:49,731,,2,1,popular,78
90,Tour debitis voluptate voluptatum,Autem abundans doloribus. Torqueo arceo cultellus. Correptius audeo triumphus. Vos illum sequi. Aeger voluptate suadeo. Neque quo creptio. Tracto custodia terreo. Vulticulus clam cena. Certus acceptus congregatio. Demoror clementia quidem.,2022-08-25 0:41:08,2023-12-31 14:38:50,168,,4,4,popular,98
91,Tour non nobis sit,Demonstro suppellex theatrum. Suscipio suspendo cernuus. Theca mollitia bellum. Patrocinor spoliatio talio. Video stips aspernatur. Demitto colo autem. Defaeco ars aegre. Caecus acervus in. Sint angustus voluptatem. Accusator perferendis animus.,2022-02-27 6:14:35,2023-12-31 14:38:52,224,,5,1,popular,79
92,Tour ad aperiam et,Arguo acquiro quia. Utrimque iure comburo. Adfero tabula expedita. Addo esse vitium. Aegre facilis venio. Vulnus adicio quae. Certo cerno arguo. Eius ubi ut. Adultus caterva unde. Sed nostrum ut.,2023-11-11 22:45:01,2023-12-31 14:38:53,560,,6,2,popular,72
93,Tour ut quaerat accusantium,Laudantium coruscus adfero. Cumque despecto vaco. Patruus peccatus ullus. Decumbo dolor adeo. Voluptate odio ocer. Amita comitatus summa. Aliqua vita tenetur. Communis curso centum. Theologus sed aegre. Absens ulterius crinis.,2023-08-08 14:59:44,2023-12-31 14:38:54,56,,1,2,popular,50
94,Tour ipsum et et,Thema voluptate tergo. Adnuo caecus testimonium. Molestiae dicta urbanus. Dolores temeritas amo. Ulciscor unde catena. Comitatus volo defleo. Amicitia natus succurro. Voro supra sulum. Copiose temperantia terminatio. Vomica despecto currus.,2023-06-27 11:03:48,2023-12-31 14:38:54,224,,4,4,trend,83
95,Tour ipsa quis molestiae,Votum eius creptio. Officiis cuius infit. Aliqua adeo soluta. Cruentus capto debeo. Solum aegrotatio ut. Contigo cariosus vacuus. Cohors sapiente eos. Corrigo vado officiis. Claudeo combibo torrens. Combibo demoror vesica.,2022-07-25 18:22:29,2023-12-31 14:38:55,392,,1,3,popular,76
96,Tour fugit aut ea,Cubitum territo ustulo. Conservo tonsor alius. Unus antiquus utrum. Contra rerum mollitia. Creptio aiunt tamquam. Eum avaritia censura. Attonbitus pariatur credo. Amaritudo decimus cognatus. Crur textus commodo. Suus chirographum campana.,2022-07-27 6:52:01,2023-12-31 14:38:57,112,,2,3,popular,88
97,Tour natus ullam perspiciatis,Vomica callide molestiae. Claustrum perferendis vulnus. Sum altus tamen. Valens ceno vinco. Cinis aestus baiulus. Coniecto ultio verus. Eaque suffoco decumbo. Carpo similique voluptatem. Demens cervus velut. Unde tibi condico.,2022-10-25 3:54:31,2023-12-31 14:42:05,112,,3,1,trend,97
98,Tour deserunt non ut,Demens supplanto adimpleo. Usus quisquam paulatim. Doloremque anser torqueo. Catena cattus cunae. Voluptas desino dignissimos. Bellicus talis cuppedia. Labore quis deleo. Spargo delicate enim. Cohors viridis utrimque. Advenio autus campana.,2023-12-09 17:26:03,2023-12-31 14:42:06,168,,1,5,trend,66
99,Tour optio quia impedit,Deporto acquiro validus. Est confido agnitio. Vinum caecus pel. Appono vis viriliter. Vilitas teneo trucido. Adulatio adamo autem. Virga aliqua suasoria. Bibo spero amplus. Cum baiulus possimus. Deleniti campana depereo.,2022-09-11 7:19:16,2023-12-31 14:42:07,56,,3,1,popular,75
100,Tour magni accusantium est,Vestrum ait accipio. Accendo desidero consectetur. Vesco theologus trucido. Sursum trepide quisquam. Utique vindico ager. Avarus addo corrigo. Auris ubi neque. Crudelis odit damno. Pecco color architecto. Stips sumptus antepono.,2023-01-28 19:32:50,2023-12-31 14:42:09,56,,1,1,popular,66
101,Tour at nihil laboriosam,Tempus et iure. Consequatur depromo et. Cado appositus molestiae. Vox studio aut. Textilis vesco cometes. Thymbra et eum. Tener decumbo aperio. Varietas amplus defleo. Sustineo aptus administratio. Beatus urbanus clibanus.,2022-04-15 2:39:07,2023-12-31 17:11:06,336,,3,5,hot,95
102,Tour dolorem explicabo exercitationem,Termes et peior. Communis ancilla vito. Claro dicta xiphias. Tubineus clibanus vetus. Verbera dicta cunctatio. Turpis calculus cruentus. Custodia vae somniculosus. Pecunia natus sollers. Quia baiulus dignissimos. Vos vulpes cogo.,2022-07-29 21:53:12,2023-12-31 17:11:08,168,,1,2,hot,98
103,Tour eligendi odio provident,Cresco absorbeo curiositas. Audacia audax video. Ventito vis summa. Quibusdam comis eum. Compono volubilis tamdiu. Patior ea sophismata. Ceno clibanus vilitas. Volo corrumpo traho. Voluptatibus cursus tametsi. Peior sumptus solium.,2022-08-10 18:05:11,2023-12-31 17:11:09,112,,1,5,popular,87
104,Tour necessitatibus dolor sint,Autem spectaculum stipes. Cornu despecto ut. Avoco vis cultellus. Amissio umquam spero. Bonus comedo vito. Qui ventus dolores. Denego ciminatio abstergo. Nulla amaritudo doloribus. Theologus asporto statim. Sapiente unde atrox.,2022-03-05 9:39:25,2023-12-31 17:11:10,168,,1,2,popular,71
105,Tour ab et vel,Verbum sursum atrocitas. Cado ulterius deleniti. Aetas desidero valens. Ter audeo ait. Tertius labore vix. Blandior tantillus accendo. Ullam caries sint. Minima tracto laudantium. Varietas urbanus delego. Tantillus eaque ager.,2023-04-10 0:22:05,2023-12-31 17:11:12,280,,1,1,popular,81
106,Tour sit optio facere,Curso ubi coniecto. Caterva molestias arbustum. Libero thalassinus vere. Sublime subito molestiae. Vinculum tumultus advoco. Totidem illo solvo. Subvenio catena perferendis. Accipio conduco carmen. Libero thema artificiose. Corrigo curvus calco.,2022-11-15 17:16:19,2023-12-31 17:11:13,448,,1,3,trend,50
107,Tour magni magnam maxime,Aggredior aut ducimus. Textor ante vultuosus. Pauci cubo aureus. Curo tempus calcar. Error alter astrum. Cohors dolores eius. Non quos bestia. Adopto non admiratio. Corrigo vix aestus. Decens ipsum comburo.,2022-08-31 22:26:40,2023-12-31 17:11:14,280,,7,2,trend,50
108,Tour qui et dignissimos,Cavus cohibeo argumentum. Ut cibo denego. Concido animus uredo. Fugiat xiphias calamitas. Callide placeat ulterius. Sub adduco vulticulus. Adipiscor versus temperantia. Antiquus defungo tabella. Uberrime argentum viduo. Desipio una crudelis.,2023-10-16 13:15:34,2023-12-31 17:11:15,448,,1,5,popular,86
109,Tour voluptatem molestiae laudantium,Comminor tergo aut. Una vetus uterque. Abstergo verecundia cognomen. Illum alioqui curatio. Celebrer uter tamdiu. Vitae abundans cribro. Consequatur expedita voluptas. Tamdiu vomer creo. Verumtamen ultio coadunatio. Amplitudo aeneus desino.,2022-10-25 1:13:21,2023-12-31 17:11:16,560,,2,1,popular,79
110,Tour sapiente eum dolor,Claudeo virtus colo. Cito crudelis adopto. Tunc atrox odio. Porro aut qui. Alioqui vivo allatus. Amicitia degusto approbo. Adduco avaritia amet. Coniecto suppellex cultellus. Cupiditate aggero pecus. Cernuus carpo tremo.,2023-10-12 1:44:14,2023-12-31 17:11:16,56,,3,5,hot,66
111,Tour et et reprehenderit,Uter ullus accusamus. Capillus comes auris. Perferendis demonstro ab. Conqueror nulla aegrus. Rerum subseco quam. Aeternus vociferor versus. Uberrime casso arx. Arbitro argentum spiritus. Corrigo tergeo voco. Crur coerceo non.,2023-02-07 13:51:43,2023-12-31 17:11:17,224,,4,3,popular,88
112,Tour ipsa quia minima,Appono numquam ulterius. Molestiae delinquo totidem. Tergum cupio sustineo. Vesco celer maiores. Vesco virgo suspendo. Defendo benevolentia vel. Volva tero viridis. Vallum comitatus careo. Conatus non tutis. Ventosus solium tergeo.,2023-03-04 5:12:09,2023-12-31 17:12:48,504,,3,3,trend,65
113,Tour ut molestiae ipsam,Sit celo thymbra. Cribro amaritudo averto. Custodia super vesica. Ciminatio apostolus angelus. Vulgo adulescens suggero. Voluptas tutamen verecundia. Ocer et asporto. Attonbitus adsum varius. Caelum chirographum corrupti. Concido versus alias.,2022-08-27 3:41:31,2023-12-31 17:12:51,448,,2,1,popular,56
114,Tour illo dicta beatae,Decet ver sequi. Defungo dolor audentia. Eaque surgo desolo. Voluptatem sordeo tremo. Cornu cariosus rerum. Spectaculum conitor amplitudo. Vergo officiis aurum. Aut conforto aiunt. Vorax testimonium voluptas. Amplus voluptatem acquiro.,2022-02-26 18:16:17,2023-12-31 17:12:51,560,,4,3,trend,74
115,Tour qui recusandae ea,Tamen vivo vulnus. Blanditiis assumenda theca. Ut adhuc cometes. Degusto ago ascisco. Amiculum complectus volo. Sed conservo correptius. Argentum aestus approbo. Utrum validus desino. Balbus caterva labore. Cognatus enim aliquid.,2023-09-26 15:04:57,2023-12-31 17:12:52,112,,5,1,hot,50
116,Tour cum repellat aut,Deduco aeneus bellum. Corrupti debeo carus. Eligendi appositus amaritudo. Compello supplanto cetera. Tredecim appono talio. Aperte tamisium virga. Supplanto curo aggredior. Coepi est valde. Adflicto subiungo sumptus. Circumvenio annus antiquus.,2023-09-20 13:38:11,2023-12-31 17:12:53,81,,1,3,trend,100
117,Tour sapiente ab quo,Decens delinquo abscido. Vereor creta est. Tendo cicuta tego. Stips arx suadeo. Uter confero degero. Depulso cicuta caelestis. Fuga autem adimpleo. Sequi tertius vero. Undique subvenio mollitia. Celebrer articulus patior.,2022-02-10 2:23:40,2023-12-31 17:12:54,224,,1,4,trend,82
118,Tour assumenda possimus eum,Cado accusator tersus. Autem despirmatio esse. Adultus auctor aestus. Demitto sed vulticulus. Deleniti laudantium tempora. Tot amaritudo verto. Ipsa crapula centum. Advoco torqueo coruscus. Cauda thymum enim. Deludo magni theca.,2023-08-15 0:45:28,2024-01-01 2:49:06,372,,1,4,trend,52
119,Tour eum animi vel,Antea taedium ara. Sufficio demitto voluptatem. Conscendo summa cupressus. Claustrum curtus adduco. Aeneus rerum valens. Explicabo damno beatus. Sono vitiosus verto. Velit celo caute. Depraedor alter possimus. Termes turpe dedecor.,2022-07-13 4:21:30,2024-01-01 2:49:08,518,,3,2,trend,64
120,Tour voluptas tenetur enim,Sunt ad incidunt. Adultus dolorem succurro. Suscipio amaritudo accendo. Crepusculum coniecto corporis. Articulus deleniti peccatus. Ea corrupti eaque. Trepide alii pariatur. Una viscus avoco. Defluo adimpleo attero. Cubicularis adnuo adduco.,2022-01-01 20:54:39,2024-01-01 2:49:10,666,,2,2,popular,82
121,Tour mollitia et non,Urbanus cognatus cado. Ipsum exercitationem adnuo. Absum cursus aetas. Delicate defessus asper. Territo vinitor aureus. Debitis spectaculum bestia. Arcesso ademptio laudantium. Amplus territo antiquus. Magnam arbitro umbra. Aegrus viduata tergiversatio.,2022-05-09 2:40:05,2024-01-01 2:49:12,296,,1,1,hot,92
122,Tour in qui ut,Cupio infit curia. Deludo eligendi beatae. Sumptus aurum aeneus. Temeritas subiungo nam. Adflicto ullus caput. Animadverto credo dolor. Valde suscipio cibo. Solutio coniuratio torrens. Cilicium correptius valde. Cruentus color damnatio.,2023-03-24 4:49:54,2024-01-01 2:49:14,370,,1,4,trend,97
123,Tour id dolorem minus,Cado cornu carbo. Qui calcar totam. Delibero tametsi cunctatio. Voluptas eveniet ventito. Arcus surgo alias. Convoco debitis cuppedia. Adversus ut spero. Veniam impedit venio. Pariatur spiculum talis. Crapula theologus varius.,2022-11-18 20:06:49,2024-01-01 2:49:16,592,,4,1,trend,50
124,Tour cumque nostrum doloribus,Totam deserunt curto. Commemoro arbustum ara. Vitium eos qui. Cometes advoco vox. Demum capillus commodo. Aveho clarus deduco. Corrigo cumque rem. Vere sto audentia. Sol suadeo damno. Stultus adsum spiculum.,2022-12-20 12:42:45,2024-01-01 2:54:42,132,,4,3,popular,74
125,Tour fugit eum et,Approbo annus suspendo. Molestiae aperio conicio. Sui consequatur attero. Acies vinculum auris. Contra charisma capto. Error aequitas cimentarius. Sit degenero utor. Aedificium alienus textus. Error calcar bibo. Defaeco eveniet cubitum.,2023-01-22 21:21:50,2024-01-01 2:54:45,660,,2,4,trend,74
126,Tour quia fuga nam,Cunabula suppellex beatae. Compello adstringo tamen. Quisquam decumbo nihil. Demoror debeo porro. Terebro ducimus atqui. Suscipit adficio degenero. Asperiores qui crustulum. Cubicularis creator ut. Suppellex decumbo cado. Ustilo delego deduco.,2022-05-13 1:50:35,2024-01-01 2:54:47,396,,6,4,trend,91
127,Tour occaecati unde perferendis,Impedit sortitus administratio. Tardus curto admoveo. Bis demens vulnero. Adipisci commemoro casus. Ut barba maxime. Ocer deinde apostolus. Utilis vito magni. Solio appello desino. Culpo atavus commodo. Debitis aestivus adfectus.,2023-07-23 17:34:11,2024-01-01 2:54:48,660,,1,4,trend,81
128,Tour deleniti dignissimos nihil,Est venustas virtus. Correptius amiculum thorax. Ancilla conor ut. Ustilo asper carcer. Sed demens commodi. Cura sapiente crur. Urbanus pel tenax. Vergo arceo supellex. Velit viriliter ciminatio. Aqua substantia aspicio.,2022-02-13 14:16:34,2024-01-01 2:54:49,528,,4,1,trend,82
129,Tour consequatur doloribus rerum,Conicio thalassinus pecus. Voluptas molestias maxime. Tempore cena apud. Contigo una colo. Quod tot assumenda. Ad aut strenuus. Verbera adultus verumtamen. Utique vinculum admiratio. Claro amiculum et. Necessitatibus tolero denuncio.,2022-04-23 20:19:01,2024-01-01 2:54:51,330,,1,4,hot,63
130,Tour eveniet voluptates itaque,Anser viduata est. Vapulus cupressus baiulus. Acceptus clarus cupiditate. Depereo cenaculum tersus. Voluptatem callide magni. Stella tergiversatio circumvenio. Cibo consectetur voluptatem. Aduro suffoco averto. Magni defetiscor sunt. Adsidue voluptatem adamo.,2022-03-19 9:16:03,2024-01-01 2:54:53,594,,1,5,trend,75
131,Tour pariatur sed et,Aegrus dapifer certo. Sed tribuo cribro. Amo excepturi vesica. Alienus acsi cohaero. Utor conscendo acervus. Conduco arbor substantia. Ipsam umbra contra. Arx utrum cedo. Sono voluptas tui. Vita turbo versus.,2022-04-05 10:08:02,2024-01-01 2:54:55,132,,1,3,trend,59